{
  "hash": "6b894a9e",
  "browserHash": "b17e68e2",
  "optimized": {
    "@angular/common": {
      "src": "../../../../../node_modules/@angular/common/fesm2022/common.mjs",
      "file": "@angular_common.js",
      "fileHash": "ae2c337b",
      "needsInterop": false
    },
    "@angular/core": {
      "src": "../../../../../node_modules/@angular/core/fesm2022/core.mjs",
      "file": "@angular_core.js",
      "fileHash": "9211d4ff",
      "needsInterop": false
    },
    "@angular/forms": {
      "src": "../../../../../node_modules/@angular/forms/fesm2022/forms.mjs",
      "file": "@angular_forms.js",
      "fileHash": "c3fb31ce",
      "needsInterop": false
    },
    "@angular/platform-browser": {
      "src": "../../../../../node_modules/@angular/platform-browser/fesm2022/platform-browser.mjs",
      "file": "@angular_platform-browser.js",
      "fileHash": "5062891c",
      "needsInterop": false
    },
    "@angular/platform-browser/animations": {
      "src": "../../../../../node_modules/@angular/platform-browser/fesm2022/animations.mjs",
      "file": "@angular_platform-browser_animations.js",
      "fileHash": "277a1347",
      "needsInterop": false
    },
    "@angular/router": {
      "src": "../../../../../node_modules/@angular/router/fesm2022/router.mjs",
      "file": "@angular_router.js",
      "fileHash": "bd25a627",
      "needsInterop": false
    },
    "primeng/autocomplete": {
      "src": "../../../../../node_modules/primeng/fesm2022/primeng-autocomplete.mjs",
      "file": "primeng_autocomplete.js",
      "fileHash": "38f4e9dc",
      "needsInterop": false
    },
    "primeng/dropdown": {
      "src": "../../../../../node_modules/primeng/fesm2022/primeng-dropdown.mjs",
      "file": "primeng_dropdown.js",
      "fileHash": "dbe2282a",
      "needsInterop": false
    },
    "primeng/inputtext": {
      "src": "../../../../../node_modules/primeng/fesm2022/primeng-inputtext.mjs",
      "file": "primeng_inputtext.js",
      "fileHash": "327303f4",
      "needsInterop": false
    },
    "primeng/keyfilter": {
      "src": "../../../../../node_modules/primeng/fesm2022/primeng-keyfilter.mjs",
      "file": "primeng_keyfilter.js",
      "fileHash": "e7f41ae6",
      "needsInterop": false
    },
    "primeng/table": {
      "src": "../../../../../node_modules/primeng/fesm2022/primeng-table.mjs",
      "file": "primeng_table.js",
      "fileHash": "cc204d43",
      "needsInterop": false
    },
    "@angular/common/http": {
      "src": "../../../../../node_modules/@angular/common/fesm2022/http.mjs",
      "file": "@angular_common_http.js",
      "fileHash": "f8027546",
      "needsInterop": false
    }
  },
  "chunks": {
    "chunk-M2LVWWGN": {
      "file": "chunk-M2LVWWGN.js"
    },
    "chunk-4P46Y5TD": {
      "file": "chunk-4P46Y5TD.js"
    },
    "chunk-GSXTRFHV": {
      "file": "chunk-GSXTRFHV.js"
    },
    "chunk-QM2NA332": {
      "file": "chunk-QM2NA332.js"
    },
    "chunk-OW5CK5JO": {
      "file": "chunk-OW5CK5JO.js"
    },
    "chunk-4MYXCNFK": {
      "file": "chunk-4MYXCNFK.js"
    },
    "chunk-3SQF7L7O": {
      "file": "chunk-3SQF7L7O.js"
    },
    "chunk-PIRX6ED2": {
      "file": "chunk-PIRX6ED2.js"
    },
    "chunk-3B5I2CTJ": {
      "file": "chunk-3B5I2CTJ.js"
    },
    "chunk-GG5BJ3P3": {
      "file": "chunk-GG5BJ3P3.js"
    },
    "chunk-GWLPIXA7": {
      "file": "chunk-GWLPIXA7.js"
    }
  }
}